url;country;date;Zustand;Fahrzeughalter;HU/AU neu;Garantie;Scheckheftgepflegt;Marke;Modell;Angebotsnummer;Erstzulassung;Außenfarbe;Lackierung;Farbe laut Hersteller;Innenausstattung;Karosserieform;Anzahl Türen;Sitzplätze;Schlüsselnummer;Länderversion;Getriebeart;Gänge;Hubraum;Leergewicht;Antriebsart;Kraftstoff;"KraftstoffverbrauchWeitere Informationen zum offiziellen Kraftstoffverbrauch und den offiziellen spezifischen CO2-Emissionen neuer Personenkraftwagen können dem ""Leitfaden über den Kraftstoffverbrauch, die CO2-Emissionen und den Stromverbrauch neuer Personenkraftwagen"" entnommen werden, der an allen Verkaufsstellen und bei der Deutschen Automobil Treuhand GmbH unter www.dat.de unentgeltlich erhältlich ist.";"CO2-EmissionenWeitere Informationen zum offiziellen Kraftstoffverbrauch und den offiziellen spezifischen CO2-Emissionen neuer Personenkraftwagen können dem ""Leitfaden über den Kraftstoffverbrauch, die CO2-Emissionen und den Stromverbrauch neuer Personenkraftwagen"" entnommen werden, der an allen Verkaufsstellen und bei der Deutschen Automobil Treuhand GmbH unter www.dat.de unentgeltlich erhältlich ist.";Schadstoffklasse;Feinstaubplakette;Marke, Modell;Leistung;Kilometerstand;Getriebe;Kraftstoffverbr.*;Verkäufer;Ausstattung;Region;Serviceleistungen;Spezielle Umbauten;Modellvarianten;Bilder;Fahrzeugbeschreibung;haendler;privat;ort;price;ausstattung_liste;HU Prüfung;Nichtraucherfahrzeug;Zylinder;Andere Energieträger
https://www.autoscout24.de/leasing/angebote/;;;;;;;;;;;;;;;;;;;;;;;;;;;;;;;;;;;;;;;;;;;;;;;;;;;;
/angebote/volkswagen-caddy-2-0-tdi-trendline-klima-navi-diesel-silber-9b249d82-6e69-4207-b37c-774481b7e21a?;Deutschland;2020-10-19 18:02:25.566916;Tipp:Prüfe das Fahrzeug bei der Besichtigung auf Mängel. Generell gehen wir bei allen Angeboten von einem guten Fahrzeug-Zustand aus.;1;Ja;12 Monate;;Volkswagen;Caddy;3567;2018;Silber;Metallic;Reflexsilber Metallic;Stoff, Schwarz;Van/Kleinbus;5;5;0603/BSV;Deutsche Ausführung;Schaltgetriebe;5;1.968 cm³;1.457 kg;Front;Diesel;4,8 l/100 km (komb)5,7 l/100 km (innerorts)4,3 l/100 km (außerorts);122 g CO2/km (komb);Euro 6;4 (Grün);Volkswagen Caddy;75 kW / 102 PS;45.450 km;Schaltgetriebe;4.8 l/100 km (komb);Händler;44 Ausstattungsmerkmale;Tipp:Regionale Angebots- und Nachfrageunterschiede können den Preis beeinflussen.;Tipp:Erkundige dich beim Verkäufer nach zusätzlichen Services oder Garantien, die unter Umständen einen höheren Preis rechtfertigen.;Tipp:Prüfe das Fahrzeug bei der Besichtigung auf spezielle Umbauten, die unter Umständen einen höheren Preis rechtfertigen.;Tipp:Spezielle Ausstattungspakete, Modellvarianten und Sportversionen fließen aktuell nicht in die Bewertung ein.;Tipp:Inseratsbilder werden nicht in die Preisbewertung mit einbezogen, da eine zuverlässige Auswertung nicht möglich ist.;Tipp:Die Beschreibung des Fahrzeugs fließt nicht in die Bewertung ein, da eine zuverlässige Auswertung nicht möglich ist.;True;False;09376 Oelsnitz/Erzg.;17889;['', 'ABS', 'Anhängerkupplung', 'Armlehne', 'Beifahrerairbag', 'Berganfahrassistent', 'Bluetooth', 'Bordcomputer', 'CD', 'ESP', 'Einparkhilfe Sensoren hinten', 'Elektr. Fensterheber', 'Elektrische Seitenspiegel', 'Extras', 'Fahrerairbag', 'Freisprecheinrichtung', 'Klimaanlage', 'Klimaautomatik', 'Komfort', 'Kopfairbag', 'Lederlenkrad', 'Lordosenstütze', 'MP3', 'Multifunktionslenkrad', 'Müdigkeitswarnsystem', 'Navigationssystem', 'Nebelscheinwerfer', 'Notbremsassistent', 'Radio', 'Reifendruckkontrollsystem', 'Schiebetür', 'Seitenairbag', 'Servolenkung', 'Sicherheit', 'Sitzheizung', 'Start/Stop-Automatik', 'Tagfahrlicht', 'Tempomat', 'Touchscreen', 'Traktionskontrolle', 'USB', 'Unterhaltung/Media', 'Wegfahrsperre', 'Zentralverriegelung', 'Zentralverriegelung mit Funkfernbedienung'];;;;
/angebote/audi-a3-1-4-tfsi-125-ps-automatik-ambiente-leder-shz-benzin-schwarz-27e0b973-109f-4570-b33f-58883256750d?;Deutschland;2020-10-19 18:02:25.568476;Tipp:Prüfe das Fahrzeug bei der Besichtigung auf Mängel. Generell gehen wir bei allen Angeboten von einem guten Fahrzeug-Zustand aus.;1;;;;Audi;A3;421-A;2009;Schwarz;Metallic;Brillantschwarz;Vollleder, Beige;Limousine;2;5;;Deutsche Ausführung;Automatik;;1.395 cm³;;Front;Benzin;5,9 l/100 km (komb)7,6 l/100 km (innerorts)4,9 l/100 km (außerorts);138 g CO2/km (komb);Euro 5;4 (Grün);Audi A3;92 kW / 125 PS;74.966 km;Automatik;5.9 l/100 km (komb);Händler;29 Ausstattungsmerkmale;Tipp:Regionale Angebots- und Nachfrageunterschiede können den Preis beeinflussen.;Tipp:Erkundige dich beim Verkäufer nach zusätzlichen Services oder Garantien, die unter Umständen einen höheren Preis rechtfertigen.;Tipp:Prüfe das Fahrzeug bei der Besichtigung auf spezielle Umbauten, die unter Umständen einen höheren Preis rechtfertigen.;Tipp:Spezielle Ausstattungspakete, Modellvarianten und Sportversionen fließen aktuell nicht in die Bewertung ein.;Tipp:Inseratsbilder werden nicht in die Preisbewertung mit einbezogen, da eine zuverlässige Auswertung nicht möglich ist.;Tipp:Die Beschreibung des Fahrzeugs fließt nicht in die Bewertung ein, da eine zuverlässige Auswertung nicht möglich ist.;True;False;14513 Teltow;9499;['', 'ABS', 'Alufelgen', 'Armlehne', 'Beheizbare Frontscheibe', 'Beifahrerairbag', 'Berganfahrassistent', 'Bordcomputer', 'CD', 'ESP', 'Elektr. Fensterheber', 'Elektrische Seitenspiegel', 'Extras', 'Fahrerairbag', 'Isofix', 'Klimaanlage', 'Klimaautomatik', 'Komfort', 'Lederlenkrad', 'Lichtsensor', 'Radio', 'Regensensor', 'Seitenairbag', 'Servolenkung', 'Sicherheit', 'Sitzheizung', 'Soundsystem', 'Tagfahrlicht', 'Tempomat', 'Traktionskontrolle', 'Unterhaltung/Media', 'Wegfahrsperre', 'Zentralverriegelung'];03/2021;;4;
/angebote/volkswagen-passat-cc-2-0-tdi-140-ps-r-line-bluetdi-r-kamera-shz-diesel-silber-1fd8729b-df89-4c98-9279-984c70cec84b?;Deutschland;2020-10-19 18:02:25.571111;Gebraucht;2;;;;Volkswagen;Passat;444-K3;2014;Silber;Metallic;Reflexsilber Metallic;Alcantara, Schwarz;Coupé;4;4;;Deutsche Ausführung;Automatik;;1.968 cm³;;Front;Diesel (Rußpartikelfilter);4,7 l/100 km (komb)5,8 l/100 km (innerorts)4 l/100 km (außerorts);137 g CO2/km (komb);Euro 6;4 (Grün);;;;;;;;;;;;;;True;False;14513 Teltow;14999;['', 'ABS', 'Abstandstempomat', 'Alarmanlage', 'Alufelgen', 'Armlehne', 'Beheizbare Frontscheibe', 'Beifahrerairbag', 'Berganfahrassistent', 'Bluetooth', 'Bordcomputer', 'CD', 'DAB-Radio', 'ESP', 'Einparkhilfe', 'Einparkhilfe Kamera', 'Einparkhilfe Sensoren hinten', 'Einparkhilfe Sensoren vorne', 'Einparkhilfe selbstlenkendes System', 'Elektr. Fensterheber', 'Elektrische Heckklappe', 'Elektrische Seitenspiegel', 'Elektrische Sitze', 'Extras', 'Fahrerairbag', 'Freisprecheinrichtung', 'Isofix', 'Klimaanlage', 'Klimaautomatik', 'Komfort', 'Kurvenlicht', 'LED-Tagfahrlicht', 'Lederlenkrad', 'Lichtsensor', 'Lordosenstütze', 'Multifunktionslenkrad', 'Müdigkeitswarnsystem', 'Nebelscheinwerfer', 'Notrufsystem', 'Radio', 'Regensensor', 'Reifendruckkontrollsystem', 'Schaltwippen', 'Seitenairbag', 'Servolenkung', 'Sicherheit', 'Sitzheizung', 'Soundsystem', 'Sportfahrwerk', 'Sportpaket', 'Sportsitze', 'Sprachsteuerung', 'Start/Stop-Automatik', 'Tagfahrlicht', 'Touchscreen', 'Traktionskontrolle', 'USB', 'Unterhaltung/Media', 'Verkehrszeichenerkennung', 'Wegfahrsperre', 'Xenonscheinwerfer', 'Zentralverriegelung'];04/2022;;4;
/angebote/bmw-320-d-touring-a-sport-line-led-diesel-grau-602422bf-5cb0-4a48-9d4d-1a0f4a36730c?;Deutschland;2020-10-19 18:02:25.569949;Tipp:Prüfe das Fahrzeug bei der Besichtigung auf Mängel. Generell gehen wir bei allen Angeboten von einem guten Fahrzeug-Zustand aus.;2;;;;BMW;320;B02319019331;2016;Grau;Metallic;MINERALGRAU METALLIC;Stoff, Grau;Kombi;5;5;0005/CDK;;Automatik;;1.995 cm³;1.605 kg;;Diesel;4,1 l/100 km (komb)4,9 l/100 km (innerorts)3,7 l/100 km (außerorts);109 g CO2/km (komb);Euro 6;4 (Grün);BMW 320;140 kW / 190 PS;95.016 km;Automatik;4.1 l/100 km (komb);Händler;49 Ausstattungsmerkmale;Tipp:Regionale Angebots- und Nachfrageunterschiede können den Preis beeinflussen.;Tipp:Erkundige dich beim Verkäufer nach zusätzlichen Services oder Garantien, die unter Umständen einen höheren Preis rechtfertigen.;Tipp:Prüfe das Fahrzeug bei der Besichtigung auf spezielle Umbauten, die unter Umständen einen höheren Preis rechtfertigen.;Tipp:Spezielle Ausstattungspakete, Modellvarianten und Sportversionen fließen aktuell nicht in die Bewertung ein.;Tipp:Inseratsbilder werden nicht in die Preisbewertung mit einbezogen, da eine zuverlässige Auswertung nicht möglich ist.;Tipp:Die Beschreibung des Fahrzeugs fließt nicht in die Bewertung ein, da eine zuverlässige Auswertung nicht möglich ist.;True;False;84503 Altötting;17900;['', 'ABS', 'Alarmanlage', 'Alufelgen', 'Anhängerkupplung', 'Armlehne', 'Beifahrerairbag', 'Bluetooth', 'Bordcomputer', 'CD', 'Dachreling', 'ESP', 'Einparkhilfe', 'Einparkhilfe Sensoren hinten', 'Einparkhilfe Sensoren vorne', 'Elektrische Heckklappe', 'Elektrische Seitenspiegel', 'Extras', 'Fahrerairbag', 'Freisprecheinrichtung', 'Isofix', 'Klimaanlage', 'Klimaautomatik', 'Komfort', 'LED-Scheinwerfer', 'LED-Tagfahrlicht', 'Lederlenkrad', 'Lichtsensor', 'Lordosenstütze', 'MP3', 'Multifunktionslenkrad', 'Navigationssystem', 'Nebelscheinwerfer', 'Notrufsystem', 'Regensensor', 'Reifendruckkontrollsystem', 'Schlüssellose Zentralverriegelung', 'Seitenairbag', 'Servolenkung', 'Sicherheit', 'Sitzheizung', 'Sportpaket', 'Sportsitze', 'Start/Stop-Automatik', 'Tagfahrlicht', 'Tempomat', 'Traktionskontrolle', 'USB', 'Unterhaltung/Media', 'Zentralverriegelung'];10/2022;;;
/angebote/opel-adam-glam-ecoflex-benzin-violett-b2a60f3e-4b3b-447e-9278-87c0d7edf37e?;Deutschland;2020-10-19 18:02:25.574941;Tipp:Prüfe das Fahrzeug bei der Besichtigung auf Mängel. Generell gehen wir bei allen Angeboten von einem guten Fahrzeug-Zustand aus.;1;;;;Opel;Adam;;2013;Violett;Metallic;Samtrot (P2)/Berry Red (P2);Stoff;Kleinwagen;3;4;0035/AWJ;Deutsche Ausführung;Schaltgetriebe;5;1.229 cm³;1.086 kg;Front;Benzin;4,9 l/100 km (komb)6,3 l/100 km (innerorts)4,1 l/100 km (außerorts);116 g CO2/km (komb);Euro 5;4 (Grün);Opel Adam;51 kW / 69 PS;23.128 km;Schaltgetriebe;4.9 l/100 km (komb);Händler;36 Ausstattungsmerkmale;Tipp:Regionale Angebots- und Nachfrageunterschiede können den Preis beeinflussen.;Tipp:Erkundige dich beim Verkäufer nach zusätzlichen Services oder Garantien, die unter Umständen einen höheren Preis rechtfertigen.;Tipp:Prüfe das Fahrzeug bei der Besichtigung auf spezielle Umbauten, die unter Umständen einen höheren Preis rechtfertigen.;Tipp:Spezielle Ausstattungspakete, Modellvarianten und Sportversionen fließen aktuell nicht in die Bewertung ein.;Tipp:Inseratsbilder werden nicht in die Preisbewertung mit einbezogen, da eine zuverlässige Auswertung nicht möglich ist.;Tipp:Die Beschreibung des Fahrzeugs fließt nicht in die Bewertung ein, da eine zuverlässige Auswertung nicht möglich ist.;True;False;46242 Bottrop;7990;['', 'ABS', 'Alufelgen', 'Beifahrerairbag', 'Berganfahrassistent', 'Bluetooth', 'Bordcomputer', 'CD', 'ESP', 'Elektr. Fensterheber', 'Elektrische Seitenspiegel', 'Extras', 'Fahrerairbag', 'Freisprecheinrichtung', 'Getönte Scheiben', 'Isofix', 'Katalysator', 'Klimaanlage', 'Klimaautomatik', 'Komfort', 'Kopfairbag', 'LED-Tagfahrlicht', 'Lederlenkrad', 'MP3', 'Multifunktionslenkrad', 'Pannenkit', 'Panoramadach', 'Radio', 'Seitenairbag', 'Servolenkung', 'Sicherheit', 'Tempomat', 'Touchscreen', 'Traktionskontrolle', 'USB', 'Unterhaltung/Media', 'Zentralverriegelung', 'Zentralverriegelung mit Funkfernbedienung', 'teilb. Rücksitzbank'];05/2022;;4;Super Plus 98
/angebote/volkswagen-passat-variant-passat-1-8-tsi-160-ps-autom-variant-comfortline-benzin-braun-a88f042c-1c95-4b3e-b300-08d02ed9bd09?;Deutschland;2020-10-19 18:02:25.567846;Gebraucht;1;;;;Volkswagen;Passat Variant;446-K-P2;2008;Braun;Metallic;Mocca-Anthrazit Perleffekt;Stoff, Schwarz;Kombi;4;5;;Deutsche Ausführung;Automatik;6;1.798 cm³;;Front;Super 95;8,4 l/100 km (komb)11,4 l/100 km (innerorts)6,5 l/100 km (außerorts);199 g CO2/km (komb);Euro 4;4 (Grün);;;;;;;;;;;;;;True;False;14513 Teltow;6999;['', 'ABS', 'Alufelgen', 'Armlehne', 'Beheizbare Frontscheibe', 'Beifahrerairbag', 'Berganfahrassistent', 'Bluetooth', 'Bordcomputer', 'CD', 'Dachreling', 'ESP', 'Einparkhilfe', 'Einparkhilfe Sensoren hinten', 'Einparkhilfe Sensoren vorne', 'Einparkhilfe selbstlenkendes System', 'Elektr. Fensterheber', 'Elektrische Seitenspiegel', 'Elektrische Sitze', 'Extras', 'Fahrerairbag', 'Freisprecheinrichtung', 'Isofix', 'Klimaanlage', 'Klimaautomatik', 'Komfort', 'Lederlenkrad', 'Lichtsensor', 'Lordosenstütze', 'Multifunktionslenkrad', 'Nebelscheinwerfer', 'Radio', 'Regensensor', 'Reifendruckkontrollsystem', 'Schaltwippen', 'Schiebedach', 'Schlüssellose Zentralverriegelung', 'Seitenairbag', 'Servolenkung', 'Sicherheit', 'Sitzheizung', 'Soundsystem', 'Standheizung', 'Start/Stop-Automatik', 'Tagfahrlicht', 'Tempomat', 'Traktionskontrolle', 'Unterhaltung/Media', 'Wegfahrsperre', 'Zentralverriegelung'];10/2021;;4;
/angebote/volkswagen-golf-sportsvan-1-2-tsi-bmt-comfortline-benzin-grau-091deacf-7a3b-4ab3-8b8c-1f4f269fc4be?;Deutschland;2020-10-19 18:02:25.574950;Tipp:Prüfe das Fahrzeug bei der Besichtigung auf Mängel. Generell gehen wir bei allen Angeboten von einem guten Fahrzeug-Zustand aus.;2;Ja;12 Monate;;Volkswagen;Golf Sportsvan;17196B;2014;Grau;Metallic;Limestone Grey Metallic;Stoff, Schwarz;Limousine;5;5;0603/BMU;Deutsche Ausführung;Schaltgetriebe;6;1.197 cm³;1.324 kg;Front;Benzin;5,1 l/100 km (komb)6,3 l/100 km (innerorts)4,4 l/100 km (außerorts);121 g CO2/km (komb);Euro 6;4 (Grün);Volkswagen Golf Sportsvan;81 kW / 110 PS;68.853 km;Schaltgetriebe;5.1 l/100 km (komb);Händler;43 Ausstattungsmerkmale;Tipp:Regionale Angebots- und Nachfrageunterschiede können den Preis beeinflussen.;Tipp:Erkundige dich beim Verkäufer nach zusätzlichen Services oder Garantien, die unter Umständen einen höheren Preis rechtfertigen.;Tipp:Prüfe das Fahrzeug bei der Besichtigung auf spezielle Umbauten, die unter Umständen einen höheren Preis rechtfertigen.;Tipp:Spezielle Ausstattungspakete, Modellvarianten und Sportversionen fließen aktuell nicht in die Bewertung ein.;Tipp:Inseratsbilder werden nicht in die Preisbewertung mit einbezogen, da eine zuverlässige Auswertung nicht möglich ist.;Tipp:Die Beschreibung des Fahrzeugs fließt nicht in die Bewertung ein, da eine zuverlässige Auswertung nicht möglich ist.;True;False;16321 Bernau;11450;['', 'ABS', 'Alufelgen', 'Armlehne', 'Beifahrerairbag', 'Bordcomputer', 'CD', 'Dachreling', 'ESP', 'Einparkhilfe Sensoren hinten', 'Einparkhilfe Sensoren vorne', 'Elektr. Fensterheber', 'Elektrische Seitenspiegel', 'Extras', 'Fahrerairbag', 'Getönte Scheiben', 'Isofix', 'Klimaanlage', 'Klimaautomatik', 'Komfort', 'Kopfairbag', 'Lederlenkrad', 'Lichtsensor', 'Lordosenstütze', 'MP3', 'Multifunktionslenkrad', 'Müdigkeitswarnsystem', 'Notbremsassistent', 'Radio', 'Regensensor', 'Reifendruckkontrollsystem', 'Seitenairbag', 'Servolenkung', 'Sicherheit', 'Sitzheizung', 'Start/Stop-Automatik', 'Tagfahrlicht', 'Touchscreen', 'Traktionskontrolle', 'Unterhaltung/Media', 'Wegfahrsperre', 'Zentralverriegelung', 'Zentralverriegelung mit Funkfernbedienung', 'teilb. Rücksitzbank'];;;;
/angebote/bmw-745-e-aut-tv-laser-massage-upe-132-866-eur-elektro-benzin-schwarz-e9ab9d9a-11d7-49fb-9236-aaf7f7a80edb?;Deutschland;2020-10-19 18:02:25.574697;Tipp:Prüfe das Fahrzeug bei der Besichtigung auf Mängel. Generell gehen wir bei allen Angeboten von einem guten Fahrzeug-Zustand aus.;1;;;;BMW;745;12678;2019;Schwarz;Metallic;Saphirschwarz;Vollleder, Schwarz;Limousine;4;5;0005/CUT;;Automatik;;2.998 cm³;;Heck;Elektro/Benzin;2,1 l/100 km (komb);48 g CO2/km (komb);Euro 6d-TEMP;4 (Grün);BMW 745;290 kW / 394 PS;27.400 km;Automatik;2.1 l/100 km (komb);Händler;67 Ausstattungsmerkmale;Tipp:Regionale Angebots- und Nachfrageunterschiede können den Preis beeinflussen.;Tipp:Erkundige dich beim Verkäufer nach zusätzlichen Services oder Garantien, die unter Umständen einen höheren Preis rechtfertigen.;Tipp:Prüfe das Fahrzeug bei der Besichtigung auf spezielle Umbauten, die unter Umständen einen höheren Preis rechtfertigen.;Tipp:Spezielle Ausstattungspakete, Modellvarianten und Sportversionen fließen aktuell nicht in die Bewertung ein.;Tipp:Inseratsbilder werden nicht in die Preisbewertung mit einbezogen, da eine zuverlässige Auswertung nicht möglich ist.;Tipp:Die Beschreibung des Fahrzeugs fließt nicht in die Bewertung ein, da eine zuverlässige Auswertung nicht möglich ist.;True;False;90763 Fürth;69799;['', 'ABS', 'Abstandstempomat', 'Alarmanlage', 'Alufelgen', 'Armlehne', 'Beheizbares Lenkrad', 'Beifahrerairbag', 'Berganfahrassistent', 'Bluetooth', 'Bordcomputer', 'CD', 'DAB-Radio', 'ESP', 'Einparkhilfe', 'Einparkhilfe Kamera', 'Einparkhilfe Sensoren hinten', 'Einparkhilfe Sensoren vorne', 'Einparkhilfe selbstlenkendes System', 'Elektr. Fensterheber', 'Elektrische Heckklappe', 'Elektrische Seitenspiegel', 'Elektrische Sitze', 'Extras', 'Fahrerairbag', 'Freisprecheinrichtung', 'Head-up display', 'Isofix', 'Klimaanlage', 'Klimaautomatik', 'Komfort', 'Kurvenlicht', 'LED-Tagfahrlicht', 'Lederlenkrad', 'Lichtsensor', 'Lordosenstütze', 'MP3', 'Massagesitze', 'Multifunktionslenkrad', 'Müdigkeitswarnsystem', 'Navigationssystem', 'Notbremsassistent', 'Notrufsystem', 'Radio', 'Regensensor', 'Reifendruckkontrollsystem', 'Schaltwippen', 'Schiebedach', 'Schlüssellose Zentralverriegelung', 'Seitenairbag', 'Servolenkung', 'Sicherheit', 'Sitzbelüftung', 'Sitzheizung', 'Soundsystem', 'Sportsitze', 'Sprachsteuerung', 'Spurhalteassistent', 'Start/Stop-Automatik', 'TV', 'Tagfahrlicht', 'Tempomat', 'Totwinkel-Assistent', 'Touchscreen', 'Traktionskontrolle', 'USB', 'Unterhaltung/Media', 'Verkehrszeichenerkennung', 'Wegfahrsperre', 'Zentralverriegelung'];;;4;Strom
/angebote/volkswagen-golf-vii-highline-1-4-tsi-led-navi-acc-benzin-grau-72ab643d-968c-44e0-9e6e-6c484d5125ce?;Deutschland;2020-10-19 18:02:25.569402;Tipp:Prüfe das Fahrzeug bei der Besichtigung auf Mängel. Generell gehen wir bei allen Angeboten von einem guten Fahrzeug-Zustand aus.;1;;;;Volkswagen;Golf;50027577;2017;Grau;Metallic;Indiumgrau Metallic;Velours, Schwarz;Limousine;4;5;0603/BPF;Deutsche Ausführung;Schaltgetriebe;6;1.395 cm³;;Front;Benzin;0 l/100 km (komb)0 l/100 km (innerorts)0 l/100 km (außerorts);0 g CO2/km (komb);Euro 6;4 (Grün);Volkswagen Golf;92 kW / 125 PS;43.304 km;Schaltgetriebe;0.0 l/100 km (komb);Händler;49 Ausstattungsmerkmale;Tipp:Regionale Angebots- und Nachfrageunterschiede können den Preis beeinflussen.;Tipp:Erkundige dich beim Verkäufer nach zusätzlichen Services oder Garantien, die unter Umständen einen höheren Preis rechtfertigen.;Tipp:Prüfe das Fahrzeug bei der Besichtigung auf spezielle Umbauten, die unter Umständen einen höheren Preis rechtfertigen.;Tipp:Spezielle Ausstattungspakete, Modellvarianten und Sportversionen fließen aktuell nicht in die Bewertung ein.;Tipp:Inseratsbilder werden nicht in die Preisbewertung mit einbezogen, da eine zuverlässige Auswertung nicht möglich ist.;Tipp:Die Beschreibung des Fahrzeugs fließt nicht in die Bewertung ein, da eine zuverlässige Auswertung nicht möglich ist.;True;False;33699 Bielefeld;15680;['', 'ABS', 'Abstandstempomat', 'Alufelgen', 'Armlehne', 'Beifahrerairbag', 'Berganfahrassistent', 'Bluetooth', 'Bordcomputer', 'CD', 'ESP', 'Einparkhilfe Sensoren hinten', 'Einparkhilfe Sensoren vorne', 'Elektr. Fensterheber', 'Elektrische Seitenspiegel', 'Extras', 'Fahrerairbag', 'Freisprecheinrichtung', 'Isofix', 'Klimaanlage', 'Klimaautomatik', 'Komfort', 'Kopfairbag', 'LED-Scheinwerfer', 'LED-Tagfahrlicht', 'Lederlenkrad', 'Lordosenstütze', 'MP3', 'Massagesitze', 'Multifunktionslenkrad', 'Müdigkeitswarnsystem', 'Navigationssystem', 'Nebelscheinwerfer', 'Notbremsassistent', 'Radio', 'Reifendruckkontrollsystem', 'Seitenairbag', 'Servolenkung', 'Sicherheit', 'Sitzheizung', 'Sportsitze', 'Start/Stop-Automatik', 'Tagfahrlicht', 'Tempomat', 'Touchscreen', 'Traktionskontrolle', 'USB', 'Unterhaltung/Media', 'Wegfahrsperre', 'Zentralverriegelung', 'Zentralverriegelung mit Funkfernbedienung', 'teilb. Rücksitzbank'];;;4;
/angebote/ford-focus-2-0-esp-automatik-klimatronic-sr-wr-navi-esd-efh-benzin-silber-a414111b-d0a7-4823-88b8-7e60f2460e37?;Deutschland;2020-10-19 18:02:25.577474;Gebraucht;4;;;;Ford;Focus;;2004;Silber;Metallic;;Stoff, Schwarz;Limousine;5;5;8566/348;;Automatik;5;1.988 cm³;1.213 kg;Front;Super 95 / Super Plus 98;8,7 l/100 km (komb)11,6 l/100 km (innerorts)6,9 l/100 km (außerorts);207 g CO2/km (komb);Euro 4;4 (Grün);;;;;;;;;;;;;;True;False;63636 Brachttal;1440;['', 'ABS', 'Alufelgen', 'Beifahrerairbag', 'CD', 'ESP', 'Elektr. Fensterheber', 'Elektrische Seitenspiegel', 'Extras', 'Fahrerairbag', 'Gepäckraumabtrennung', 'Getönte Scheiben', 'Katalysator', 'Klimaanlage', 'Klimaautomatik', 'Komfort', 'Lederlenkrad', 'Navigationssystem', 'Nebelscheinwerfer', 'Notrad', 'Radio', 'Schiebedach', 'Seitenairbag', 'Servolenkung', 'Sicherheit', 'Sitzheizung', 'Sommerreifen', 'Sportsitze', 'Traktionskontrolle', 'Unterhaltung/Media', 'Wegfahrsperre', 'Winterreifen', 'Zentralverriegelung mit Funkfernbedienung'];;;4;Super Plus 98
/angebote/bmw-320-gran-turismo-d-xdrive-aut-m-sportpaket-19lm-diesel-blau-7e6e064c-75ce-4dea-ba28-42a197016b52?;Deutschland;2020-10-19 18:02:25.576736;Tipp:Prüfe das Fahrzeug bei der Besichtigung auf Mängel. Generell gehen wir bei allen Angeboten von einem guten Fahrzeug-Zustand aus.;1;;;;BMW;320;12672;2019;Blau;Metallic;Estorilblau;Vollleder, Schwarz;Limousine;5;5;0005/CCV;;Automatik;;1.995 cm³;;Allrad;Diesel;;;Euro 6;4 (Grün);BMW 320;140 kW / 190 PS;37.700 km;Automatik;Nicht angegeben;Händler;57 Ausstattungsmerkmale;Tipp:Regionale Angebots- und Nachfrageunterschiede können den Preis beeinflussen.;Tipp:Erkundige dich beim Verkäufer nach zusätzlichen Services oder Garantien, die unter Umständen einen höheren Preis rechtfertigen.;Tipp:Prüfe das Fahrzeug bei der Besichtigung auf spezielle Umbauten, die unter Umständen einen höheren Preis rechtfertigen.;Tipp:Spezielle Ausstattungspakete, Modellvarianten und Sportversionen fließen aktuell nicht in die Bewertung ein.;Tipp:Inseratsbilder werden nicht in die Preisbewertung mit einbezogen, da eine zuverlässige Auswertung nicht möglich ist.;Tipp:Die Beschreibung des Fahrzeugs fließt nicht in die Bewertung ein, da eine zuverlässige Auswertung nicht möglich ist.;True;False;90763 Fürth;29999;['', 'ABS', 'Abstandstempomat', 'Alarmanlage', 'Allrad', 'Alufelgen', 'Armlehne', 'Beheizbare Frontscheibe', 'Beifahrerairbag', 'Bluetooth', 'Bordcomputer', 'CD', 'ESP', 'Einparkhilfe', 'Einparkhilfe Kamera', 'Einparkhilfe Sensoren hinten', 'Einparkhilfe Sensoren vorne', 'Einparkhilfe selbstlenkendes System', 'Elektr. Fensterheber', 'Elektrische Heckklappe', 'Elektrische Seitenspiegel', 'Extras', 'Fahrerairbag', 'Freisprecheinrichtung', 'Isofix', 'Klimaanlage', 'Klimaautomatik', 'Komfort', 'Kurvenlicht', 'LED-Scheinwerfer', 'LED-Tagfahrlicht', 'Lederlenkrad', 'Lordosenstütze', 'MP3', 'Multifunktionslenkrad', 'Navigationssystem', 'Nebelscheinwerfer', 'Notbremsassistent', 'Notrufsystem', 'Radio', 'Regensensor', 'Reifendruckkontrollsystem', 'Seitenairbag', 'Servolenkung', 'Sicherheit', 'Sitzheizung', 'Sportpaket', 'Sportsitze', 'Sprachsteuerung', 'Spurhalteassistent', 'Start/Stop-Automatik', 'Tagfahrlicht', 'Tempomat', 'Traktionskontrolle', 'USB', 'Unterhaltung/Media', 'Verkehrszeichenerkennung', 'Wegfahrsperre', 'Zentralverriegelung'];;;4;
/angebote/volkswagen-passat-3-2-v6-250ps-fsi-variant-4motion-highline-benzin-silber-26f73509-1c61-4ae3-9b99-7e624b3acfa9?;Deutschland;2020-10-19 18:02:25.583713;Tipp:Prüfe das Fahrzeug bei der Besichtigung auf Mängel. Generell gehen wir bei allen Angeboten von einem guten Fahrzeug-Zustand aus.;2;Ja;;;Volkswagen;Passat;267-K;2006;Silber;Metallic;Reflexsilber Metallic;Vollleder, Grau;Kombi;4;5;0603/AEN;Deutsche Ausführung;Automatik;6;3.168 cm³;;Allrad;Benzin;10 l/100 km (komb)14,1 l/100 km (innerorts)7,7 l/100 km (außerorts);240 g CO2/km (komb);Euro 4;4 (Grün);Volkswagen Passat;184 kW / 250 PS;134.302 km;Automatik;10.0 l/100 km (komb);Händler;58 Ausstattungsmerkmale;Tipp:Regionale Angebots- und Nachfrageunterschiede können den Preis beeinflussen.;Tipp:Erkundige dich beim Verkäufer nach zusätzlichen Services oder Garantien, die unter Umständen einen höheren Preis rechtfertigen.;Tipp:Prüfe das Fahrzeug bei der Besichtigung auf spezielle Umbauten, die unter Umständen einen höheren Preis rechtfertigen.;Tipp:Spezielle Ausstattungspakete, Modellvarianten und Sportversionen fließen aktuell nicht in die Bewertung ein.;Tipp:Inseratsbilder werden nicht in die Preisbewertung mit einbezogen, da eine zuverlässige Auswertung nicht möglich ist.;Tipp:Die Beschreibung des Fahrzeugs fließt nicht in die Bewertung ein, da eine zuverlässige Auswertung nicht möglich ist.;True;False;14513 Teltow;9499;['', 'ABS', 'Abstandstempomat', 'Alarmanlage', 'Allrad', 'Alufelgen', 'Anhängerkupplung', 'Armlehne', 'Beheizbare Frontscheibe', 'Beifahrerairbag', 'Berganfahrassistent', 'Bluetooth', 'Bordcomputer', 'CD', 'Dachreling', 'ESP', 'Einparkhilfe', 'Einparkhilfe Sensoren hinten', 'Einparkhilfe Sensoren vorne', 'Elektr. Fensterheber', 'Elektrische Heckklappe', 'Elektrische Seitenspiegel', 'Elektrische Sitze', 'Extras', 'Fahrerairbag', 'Freisprecheinrichtung', 'Isofix', 'Klimaanlage', 'Klimaautomatik', 'Komfort', 'Kurvenlicht', 'Lederlenkrad', 'Lichtsensor', 'Lordosenstütze', 'Multifunktionslenkrad', 'Navigationssystem', 'Nebelscheinwerfer', 'Notbremsassistent', 'Notrufsystem', 'Panoramadach', 'Radio', 'Regensensor', 'Reifendruckkontrollsystem', 'Schiebedach', 'Schlüssellose Zentralverriegelung', 'Seitenairbag', 'Servolenkung', 'Sicherheit', 'Sitzheizung', 'Soundsystem', 'Sportfahrwerk', 'Sportpaket', 'Sportsitze', 'Tagfahrlicht', 'Traktionskontrolle', 'Unterhaltung/Media', 'Wegfahrsperre', 'Xenonscheinwerfer', 'Zentralverriegelung'];;;6;
/angebote/bmw-530-d-xdrive-touring-sport-aut-m-sportpaket-diesel-grau-f1564b61-fc5c-46d3-ac05-bc855de06ea5?;Deutschland;2020-10-19 18:02:25.572244;Tipp:Prüfe das Fahrzeug bei der Besichtigung auf Mängel. Generell gehen wir bei allen Angeboten von einem guten Fahrzeug-Zustand aus.;1;;;;BMW;530;12671;2019;Grau;Metallic;Sophistograu Brillianteffekt;Vollleder, Braun;Kombi;5;5;0005/COT;;Automatik;;2.993 cm³;;Allrad;Diesel;5,8 l/100 km (komb)7 l/100 km (innerorts)5,1 l/100 km (außerorts);153 g CO2/km (komb);Euro 6;4 (Grün);BMW 530;195 kW / 265 PS;23.800 km;Automatik;5.8 l/100 km (komb);Händler;64 Ausstattungsmerkmale;Tipp:Regionale Angebots- und Nachfrageunterschiede können den Preis beeinflussen.;Tipp:Erkundige dich beim Verkäufer nach zusätzlichen Services oder Garantien, die unter Umständen einen höheren Preis rechtfertigen.;Tipp:Prüfe das Fahrzeug bei der Besichtigung auf spezielle Umbauten, die unter Umständen einen höheren Preis rechtfertigen.;Tipp:Spezielle Ausstattungspakete, Modellvarianten und Sportversionen fließen aktuell nicht in die Bewertung ein.;Tipp:Inseratsbilder werden nicht in die Preisbewertung mit einbezogen, da eine zuverlässige Auswertung nicht möglich ist.;Tipp:Die Beschreibung des Fahrzeugs fließt nicht in die Bewertung ein, da eine zuverlässige Auswertung nicht möglich ist.;True;False;90763 Fürth;45999;['', 'ABS', 'Abstandstempomat', 'Alarmanlage', 'Allrad', 'Alufelgen', 'Armlehne', 'Beifahrerairbag', 'Berganfahrassistent', 'Bluetooth', 'Bordcomputer', 'CD', 'Dachreling', 'ESP', 'Einparkhilfe', 'Einparkhilfe Kamera', 'Einparkhilfe Sensoren hinten', 'Einparkhilfe Sensoren vorne', 'Einparkhilfe selbstlenkendes System', 'Elektr. Fensterheber', 'Elektrische Heckklappe', 'Elektrische Seitenspiegel', 'Elektrische Sitze', 'Extras', 'Fahrerairbag', 'Freisprecheinrichtung', 'Isofix', 'Klimaanlage', 'Klimaautomatik', 'Komfort', 'LED-Scheinwerfer', 'LED-Tagfahrlicht', 'Lederlenkrad', 'Lichtsensor', 'Lordosenstütze', 'MP3', 'Multifunktionslenkrad', 'Müdigkeitswarnsystem', 'Navigationssystem', 'Notrufsystem', 'Radio', 'Regensensor', 'Reifendruckkontrollsystem', 'Schaltwippen', 'Seitenairbag', 'Servolenkung', 'Sicherheit', 'Sitzheizung', 'Soundsystem', 'Sportfahrwerk', 'Sportpaket', 'Sportsitze', 'Sprachsteuerung', 'Spurhalteassistent', 'Standheizung', 'Start/Stop-Automatik', 'Tagfahrlicht', 'Tempomat', 'Totwinkel-Assistent', 'Touchscreen', 'Traktionskontrolle', 'USB', 'Unterhaltung/Media', 'Verkehrszeichenerkennung', 'Wegfahrsperre', 'Zentralverriegelung'];;;6;
/angebote/bmw-320-sport-xdrive-navi-xenon-gra-benzin-grau-d48c2f6f-6963-4b5c-9225-6d293c9927bf?;Deutschland;2020-10-19 18:02:25.585341;Tipp:Prüfe das Fahrzeug bei der Besichtigung auf Mängel. Generell gehen wir bei allen Angeboten von einem guten Fahrzeug-Zustand aus.;3;;12 Monate;;BMW;320;GW41079;2013;Grau;Metallic;MINERALGRAU METALLIC;Stoff, Schwarz;Limousine;4;5;0005/BKM;Deutsche Ausführung;Schaltgetriebe;;1.998 cm³;1.415 kg;Allrad;Benzin;6,8 l/100 km (komb)8,8 l/100 km (innerorts)5,6 l/100 km (außerorts);161 g CO2/km (komb);Euro 5;4 (Grün);BMW 320;135 kW / 184 PS;52.057 km;Schaltgetriebe;6.8 l/100 km (komb);Händler;24 Ausstattungsmerkmale;Tipp:Regionale Angebots- und Nachfrageunterschiede können den Preis beeinflussen.;Tipp:Erkundige dich beim Verkäufer nach zusätzlichen Services oder Garantien, die unter Umständen einen höheren Preis rechtfertigen.;Tipp:Prüfe das Fahrzeug bei der Besichtigung auf spezielle Umbauten, die unter Umständen einen höheren Preis rechtfertigen.;Tipp:Spezielle Ausstattungspakete, Modellvarianten und Sportversionen fließen aktuell nicht in die Bewertung ein.;Tipp:Inseratsbilder werden nicht in die Preisbewertung mit einbezogen, da eine zuverlässige Auswertung nicht möglich ist.;Tipp:Die Beschreibung des Fahrzeugs fließt nicht in die Bewertung ein, da eine zuverlässige Auswertung nicht möglich ist.;True;False;09648 Mittweida;16980;['', 'ABS', 'Allrad', 'Alufelgen', 'Armlehne', 'CD', 'ESP', 'Elektrische Seitenspiegel', 'Extras', 'Getönte Scheiben', 'Klimaanlage', 'Klimaautomatik', 'Komfort', 'Kurvenlicht', 'Lederlenkrad', 'Lichtsensor', 'Multifunktionslenkrad', 'Navigationssystem', 'Nebelscheinwerfer', 'Radio', 'Sicherheit', 'Sitzheizung', 'Traktionskontrolle', 'Unterhaltung/Media', 'Wegfahrsperre', 'Xenonscheinwerfer'];05/2022;;;
/angebote/mazda-3-selection-benzin-rot-c91de1c6-a085-478f-a224-0e05cb65277c?;Deutschland;2020-10-19 18:02:25.585424;Neu;;;;;Mazda;3;8607;;Rot;Metallic;Magmarot;Vollleder, Schwarz;Limousine;;5;7118/AHY;Deutsche Ausführung;Schaltgetriebe;6;1.998 cm³;1.439 kg;;Super E10 95 / Super 95;5,2 l/100 km (komb)4,3 l/100 km (innerorts)6,5 l/100 km (außerorts);119 g CO2/km (komb);Euro 6d-TEMP;4 (Grün);;;;;;;;;;;;;;True;False;71665 Vaihingen;22999;['', '360° Kamera', 'ABS', 'Abstandstempomat', 'Abstandswarner', 'Alarmanlage', 'Alufelgen', 'Android Auto', 'Apple CarPlay', 'Armlehne', 'Beheizbares Lenkrad', 'Beifahrerairbag', 'Berganfahrassistent', 'Blendfreies Fernlicht', 'Bluetooth', 'Bordcomputer', 'DAB-Radio', 'E10-geeignet', 'ESP', 'Einparkhilfe Kamera', 'Einparkhilfe Sensoren hinten', 'Einparkhilfe Sensoren vorne', 'Elektr. Fensterheber', 'Elektr. Sitzeinstellung, hinten', 'Elektrische Seitenspiegel', 'Elektrische Sitze', 'Extras', 'Fahrerairbag', 'Fernlichtassistent', 'Freisprecheinrichtung', 'Gepäckraumabtrennung', 'Geschwindigkeits-begrenzungsanlage', 'Head-up display', 'Innenspiegel automatisch abblendend', 'Isofix', 'Klimaanlage', 'Klimaautomatik', 'Komfort', 'Kurvenlicht', 'LED-Scheinwerfer', 'LED-Tagfahrlicht', 'Lederlenkrad', 'Lichtsensor', 'Lordosenstütze', 'Multifunktionslenkrad', 'Müdigkeitswarnsystem', 'Navigationssystem', 'Nebelscheinwerfer', 'Notbremsassistent', 'Notrufsystem', 'Pannenkit', 'Radio', 'Regensensor', 'Reifendruckkontrollsystem', 'Scheinwerferreinigung', 'Schlüssellose Zentralverriegelung', 'Seitenairbag', 'Servolenkung', 'Sicherheit', 'Sitzheizung', 'Sommerreifen', 'Soundsystem', 'Sprachsteuerung', 'Spurhalteassistent', 'Start/Stop-Automatik', 'Tagfahrlicht', 'Tempomat', 'Totwinkel-Assistent', 'Touchscreen', 'Traktionskontrolle', 'USB', 'Unterhaltung/Media', 'Verkehrszeichenerkennung', 'Voll-LED Scheinwerfer', 'Volldigitales Kombiinstrument', 'Wegfahrsperre', 'Zentralverriegelung'];;;;Super 95
/angebote/bmw-x1-xdrive18d-aut-advantage-kamera-dap-diesel-blau-7f249dd9-5398-4959-b3fe-b3af5b19aa9e?;Deutschland;2020-10-19 18:02:25.587947;Tipp:Prüfe das Fahrzeug bei der Besichtigung auf Mängel. Generell gehen wir bei allen Angeboten von einem guten Fahrzeug-Zustand aus.;1;;;;BMW;X1;12670;2019;Blau;Metallic;Mediterranblau;Stoff, Schwarz;SUV/Geländewagen/Pickup;5;5;0005/CCI;;Automatik;;1.995 cm³;;Allrad;Diesel;4,8 l/100 km (komb)5,3 l/100 km (innerorts)4,5 l/100 km (außerorts);127 g CO2/km (komb);Euro 6;4 (Grün);BMW X1;110 kW / 150 PS;17.400 km;Automatik;4.8 l/100 km (komb);Händler;53 Ausstattungsmerkmale;Tipp:Regionale Angebots- und Nachfrageunterschiede können den Preis beeinflussen.;Tipp:Erkundige dich beim Verkäufer nach zusätzlichen Services oder Garantien, die unter Umständen einen höheren Preis rechtfertigen.;Tipp:Prüfe das Fahrzeug bei der Besichtigung auf spezielle Umbauten, die unter Umständen einen höheren Preis rechtfertigen.;Tipp:Spezielle Ausstattungspakete, Modellvarianten und Sportversionen fließen aktuell nicht in die Bewertung ein.;Tipp:Inseratsbilder werden nicht in die Preisbewertung mit einbezogen, da eine zuverlässige Auswertung nicht möglich ist.;Tipp:Die Beschreibung des Fahrzeugs fließt nicht in die Bewertung ein, da eine zuverlässige Auswertung nicht möglich ist.;True;False;90763 Fürth;27999;['', 'ABS', 'Abstandstempomat', 'Allrad', 'Alufelgen', 'Armlehne', 'Beifahrerairbag', 'Berganfahrassistent', 'Bluetooth', 'Bordcomputer', 'CD', 'Dachreling', 'ESP', 'Einparkhilfe', 'Einparkhilfe Kamera', 'Einparkhilfe Sensoren hinten', 'Einparkhilfe Sensoren vorne', 'Elektr. Fensterheber', 'Elektrische Heckklappe', 'Elektrische Seitenspiegel', 'Elektrische Sitze', 'Extras', 'Fahrerairbag', 'Freisprecheinrichtung', 'Isofix', 'Klimaanlage', 'Klimaautomatik', 'Komfort', 'Kurvenlicht', 'LED-Scheinwerfer', 'LED-Tagfahrlicht', 'Lederlenkrad', 'Lordosenstütze', 'MP3', 'Multifunktionslenkrad', 'Navigationssystem', 'Nebelscheinwerfer', 'Notrufsystem', 'Radio', 'Regensensor', 'Reifendruckkontrollsystem', 'Seitenairbag', 'Sicherheit', 'Sitzheizung', 'Sprachsteuerung', 'Spurhalteassistent', 'Tagfahrlicht', 'Tempomat', 'Totwinkel-Assistent', 'Traktionskontrolle', 'USB', 'Unterhaltung/Media', 'Verkehrszeichenerkennung', 'Wegfahrsperre', 'Zentralverriegelung'];;;4;
/angebote/volkswagen-caddy-maxi-2-0-tdi-trendline-klima-navi-diesel-grau-240dc601-6be6-4deb-afe7-cbfc3e4fa33e?;Deutschland;2020-10-19 18:02:25.586230;Tipp:Prüfe das Fahrzeug bei der Besichtigung auf Mängel. Generell gehen wir bei allen Angeboten von einem guten Fahrzeug-Zustand aus.;1;;12 Monate;;Volkswagen;Caddy;3577;2019;Grau;Metallic;Indiumgrau Metallic;Stoff, Schwarz;Van/Kleinbus;6;7;0603/BSV;;Schaltgetriebe;5;2.000 cm³;;Front;Diesel;5,4 l/100 km (komb)6,5 l/100 km (innerorts)4,7 l/100 km (außerorts);141 g CO2/km (komb);Euro 6d-TEMP;4 (Grün);Volkswagen Caddy;75 kW / 102 PS;8.037 km;Schaltgetriebe;5.4 l/100 km (komb);Händler;41 Ausstattungsmerkmale;Tipp:Regionale Angebots- und Nachfrageunterschiede können den Preis beeinflussen.;Tipp:Erkundige dich beim Verkäufer nach zusätzlichen Services oder Garantien, die unter Umständen einen höheren Preis rechtfertigen.;Tipp:Prüfe das Fahrzeug bei der Besichtigung auf spezielle Umbauten, die unter Umständen einen höheren Preis rechtfertigen.;Tipp:Spezielle Ausstattungspakete, Modellvarianten und Sportversionen fließen aktuell nicht in die Bewertung ein.;Tipp:Inseratsbilder werden nicht in die Preisbewertung mit einbezogen, da eine zuverlässige Auswertung nicht möglich ist.;Tipp:Die Beschreibung des Fahrzeugs fließt nicht in die Bewertung ein, da eine zuverlässige Auswertung nicht möglich ist.;True;False;09376 Oelsnitz/Erzg.;23449;['', 'ABS', 'Armlehne', 'Beifahrerairbag', 'Berganfahrassistent', 'Bluetooth', 'Bordcomputer', 'CD', 'ESP', 'Elektr. Fensterheber', 'Elektrische Seitenspiegel', 'Extras', 'Fahrerairbag', 'Freisprecheinrichtung', 'Klimaanlage', 'Klimaautomatik', 'Komfort', 'Kopfairbag', 'Lederlenkrad', 'Lichtsensor', 'Lordosenstütze', 'MP3', 'Multifunktionslenkrad', 'Müdigkeitswarnsystem', 'Navigationssystem', 'Nebelscheinwerfer', 'Notbremsassistent', 'Radio', 'Regensensor', 'Reifendruckkontrollsystem', 'Seitenairbag', 'Servolenkung', 'Sicherheit', 'Start/Stop-Automatik', 'Tagfahrlicht', 'Tempomat', 'Touchscreen', 'Traktionskontrolle', 'USB', 'Unterhaltung/Media', 'Wegfahrsperre', 'Zentralverriegelung', 'Zentralverriegelung mit Funkfernbedienung'];06/2022;;4;
/angebote/bmw-530-d-xdrive-touring-sport-aut-m-sportpaket-diesel-schwarz-303079c4-bb69-4abd-aac7-6fc06c240e1a?;Deutschland;2020-10-19 18:02:25.585346;Tipp:Prüfe das Fahrzeug bei der Besichtigung auf Mängel. Generell gehen wir bei allen Angeboten von einem guten Fahrzeug-Zustand aus.;1;;;;BMW;530;12669;2018;Schwarz;Metallic;Carbonschwarz;Vollleder, Schwarz;Kombi;5;5;0005/COT;;Automatik;;2.993 cm³;;Allrad;Diesel;5,8 l/100 km (komb)7 l/100 km (innerorts)5,1 l/100 km (außerorts);153 g CO2/km (komb);Euro 6;4 (Grün);BMW 530;195 kW / 265 PS;97.843 km;Automatik;5.8 l/100 km (komb);Händler;59 Ausstattungsmerkmale;Tipp:Regionale Angebots- und Nachfrageunterschiede können den Preis beeinflussen.;Tipp:Erkundige dich beim Verkäufer nach zusätzlichen Services oder Garantien, die unter Umständen einen höheren Preis rechtfertigen.;Tipp:Prüfe das Fahrzeug bei der Besichtigung auf spezielle Umbauten, die unter Umständen einen höheren Preis rechtfertigen.;Tipp:Spezielle Ausstattungspakete, Modellvarianten und Sportversionen fließen aktuell nicht in die Bewertung ein.;Tipp:Inseratsbilder werden nicht in die Preisbewertung mit einbezogen, da eine zuverlässige Auswertung nicht möglich ist.;Tipp:Die Beschreibung des Fahrzeugs fließt nicht in die Bewertung ein, da eine zuverlässige Auswertung nicht möglich ist.;True;False;90763 Fürth;35999;['', 'ABS', 'Abstandstempomat', 'Alarmanlage', 'Allrad', 'Alufelgen', 'Armlehne', 'Beifahrerairbag', 'Berganfahrassistent', 'Bluetooth', 'Bordcomputer', 'CD', 'Dachreling', 'ESP', 'Einparkhilfe', 'Einparkhilfe Kamera', 'Einparkhilfe Sensoren hinten', 'Einparkhilfe Sensoren vorne', 'Einparkhilfe selbstlenkendes System', 'Elektr. Fensterheber', 'Elektrische Heckklappe', 'Elektrische Seitenspiegel', 'Elektrische Sitze', 'Extras', 'Fahrerairbag', 'Freisprecheinrichtung', 'Isofix', 'Klimaanlage', 'Klimaautomatik', 'Komfort', 'LED-Scheinwerfer', 'LED-Tagfahrlicht', 'Lederlenkrad', 'Lichtsensor', 'MP3', 'Multifunktionslenkrad', 'Navigationssystem', 'Notrufsystem', 'Radio', 'Regensensor', 'Reifendruckkontrollsystem', 'Seitenairbag', 'Servolenkung', 'Sicherheit', 'Sitzheizung', 'Sportfahrwerk', 'Sportpaket', 'Sportsitze', 'Sprachsteuerung', 'Spurhalteassistent', 'Start/Stop-Automatik', 'Tagfahrlicht', 'Tempomat', 'Totwinkel-Assistent', 'Touchscreen', 'Traktionskontrolle', 'USB', 'Unterhaltung/Media', 'Verkehrszeichenerkennung', 'Wegfahrsperre', 'Zentralverriegelung'];;;6;
/angebote/bmw-x1-xdrive20d-a-sportline-diesel-blau-e112ca23-7dfd-405f-87ff-9d635d7d97ba?;Deutschland;2020-10-19 18:02:25.581723;Tipp:Prüfe das Fahrzeug bei der Besichtigung auf Mängel. Generell gehen wir bei allen Angeboten von einem guten Fahrzeug-Zustand aus.;2;;;;BMW;X1;B02319025028;2017;Blau;Metallic;MEDITERRANBLAU METALLIC;Vollleder, Braun;SUV/Geländewagen/Pickup;5;5;0005/CLB;;Automatik;;1.995 cm³;1.625 kg;Allrad;Diesel;4,9 l/100 km (komb)5,7 l/100 km (innerorts)4,5 l/100 km (außerorts);129 g CO2/km (komb);Euro 6;4 (Grün);BMW X1;140 kW / 190 PS;40.000 km;Automatik;4.9 l/100 km (komb);Händler;50 Ausstattungsmerkmale;Tipp:Regionale Angebots- und Nachfrageunterschiede können den Preis beeinflussen.;Tipp:Erkundige dich beim Verkäufer nach zusätzlichen Services oder Garantien, die unter Umständen einen höheren Preis rechtfertigen.;Tipp:Prüfe das Fahrzeug bei der Besichtigung auf spezielle Umbauten, die unter Umständen einen höheren Preis rechtfertigen.;Tipp:Spezielle Ausstattungspakete, Modellvarianten und Sportversionen fließen aktuell nicht in die Bewertung ein.;Tipp:Inseratsbilder werden nicht in die Preisbewertung mit einbezogen, da eine zuverlässige Auswertung nicht möglich ist.;Tipp:Die Beschreibung des Fahrzeugs fließt nicht in die Bewertung ein, da eine zuverlässige Auswertung nicht möglich ist.;True;False;84503 Altötting;29900;['', 'ABS', 'Alarmanlage', 'Allrad', 'Alufelgen', 'Anhängerkupplung', 'Armlehne', 'Beifahrerairbag', 'Bluetooth', 'Bordcomputer', 'CD', 'Dachreling', 'ESP', 'Einparkhilfe', 'Einparkhilfe Sensoren hinten', 'Einparkhilfe Sensoren vorne', 'Einparkhilfe selbstlenkendes System', 'Elektrische Heckklappe', 'Elektrische Seitenspiegel', 'Extras', 'Fahrerairbag', 'Freisprecheinrichtung', 'Head-up display', 'Isofix', 'Klimaanlage', 'Klimaautomatik', 'Komfort', 'LED-Scheinwerfer', 'Lederlenkrad', 'Lichtsensor', 'Lordosenstütze', 'MP3', 'Multifunktionslenkrad', 'Navigationssystem', 'Nebelscheinwerfer', 'Notrufsystem', 'Panoramadach', 'Regensensor', 'Reifendruckkontrollsystem', 'Seitenairbag', 'Servolenkung', 'Sicherheit', 'Sitzheizung', 'Sportpaket', 'Sportsitze', 'Start/Stop-Automatik', 'Tempomat', 'Traktionskontrolle', 'USB', 'Unterhaltung/Media', 'Zentralverriegelung'];08/2022;;;
/angebote/bmw-320-d-coupe-msport-edition-diesel-weiss-d8457464-3a08-4033-b18f-83fa61e31ab6?;Deutschland;2020-10-19 18:02:25.583301;Tipp:Prüfe das Fahrzeug bei der Besichtigung auf Mängel. Generell gehen wir bei allen Angeboten von einem guten Fahrzeug-Zustand aus.;3;Ja;;;BMW;320;B02319018628;2013;Weiß;;ALPINWEISS 3;Vollleder, Schwarz;Coupé;2;4;0005/AUZ;;Schaltgetriebe;;1.995 cm³;1.495 kg;;Diesel;4,7 l/100 km (komb)5,9 l/100 km (innerorts)4 l/100 km (außerorts);125 g CO2/km (komb);Euro 5;4 (Grün);BMW 320;147 kW / 200 PS;132.408 km;Schaltgetriebe;4.7 l/100 km (komb);Händler;49 Ausstattungsmerkmale;Tipp:Regionale Angebots- und Nachfrageunterschiede können den Preis beeinflussen.;Tipp:Erkundige dich beim Verkäufer nach zusätzlichen Services oder Garantien, die unter Umständen einen höheren Preis rechtfertigen.;Tipp:Prüfe das Fahrzeug bei der Besichtigung auf spezielle Umbauten, die unter Umständen einen höheren Preis rechtfertigen.;Tipp:Spezielle Ausstattungspakete, Modellvarianten und Sportversionen fließen aktuell nicht in die Bewertung ein.;Tipp:Inseratsbilder werden nicht in die Preisbewertung mit einbezogen, da eine zuverlässige Auswertung nicht möglich ist.;Tipp:Die Beschreibung des Fahrzeugs fließt nicht in die Bewertung ein, da eine zuverlässige Auswertung nicht möglich ist.;True;False;84503 Altötting;14900;['', 'ABS', 'Alarmanlage', 'Alufelgen', 'Armlehne', 'Beifahrerairbag', 'Bluetooth', 'Bordcomputer', 'CD', 'ESP', 'Einparkhilfe', 'Einparkhilfe Sensoren hinten', 'Einparkhilfe Sensoren vorne', 'Elektr. Fensterheber', 'Elektrische Seitenspiegel', 'Elektrische Sitze', 'Extras', 'Fahrerairbag', 'Isofix', 'Klimaanlage', 'Klimaautomatik', 'Komfort', 'Kurvenlicht', 'Lederlenkrad', 'Lichtsensor', 'Multifunktionslenkrad', 'Navigationssystem', 'Nebelscheinwerfer', 'Radio', 'Regensensor', 'Reifendruckkontrollsystem', 'Schiebedach', 'Schlüssellose Zentralverriegelung', 'Seitenairbag', 'Servolenkung', 'Sicherheit', 'Sitzheizung', 'Soundsystem', 'Sportfahrwerk', 'Sportpaket', 'Sportsitze', 'Start/Stop-Automatik', 'Tagfahrlicht', 'Tempomat', 'Traktionskontrolle', 'USB', 'Unterhaltung/Media', 'Xenonscheinwerfer', 'Zentralverriegelung'];;;;
/angebote/mercedes-benz-a-180-edition-classic-sport-cdi-diesel-schwarz-03eb569b-c286-4d7a-83b5-29527d9ea4c3?;Oesterreich;2020-10-19 18:02:28.311230;Gebraucht;2;;;;Mercedes-Benz;A 180;;2005;Schwarz;Metallic;;Stoff;Limousine;5;5;;;Schaltgetriebe;6;1.991 cm³;1.345 kg;;Diesel;5,7 l/100 km (komb)7,4 l/100 km (innerorts)4,7 l/100 km (außerorts);149 g CO2/km (komb);Euro 4;;;;;;;;;;;;;;;True;False;4614 Marchtrenk;1999;['', 'ABS', 'Alufelgen', 'Beifahrerairbag', 'CD', 'ESP', 'Elektr. Fensterheber', 'Elektrische Seitenspiegel', 'Extras', 'Fahrerairbag', 'Klimaanlage', 'Komfort', 'Lederlenkrad', 'Multifunktionslenkrad', 'Seitenairbag', 'Sicherheit', 'Sportfahrwerk', 'Traktionskontrolle', 'Unterhaltung/Media', 'Wegfahrsperre', 'Zentralverriegelung', 'teilb. Rücksitzbank'];;;4;
/angebote/nissan-qashqai-i-way-1-6-dci-diesel-weiss-c4b25b94-85b8-42e3-b3f1-e1161e2108a1?;;;;;;;;;;;;;;;;;;;;;;;;;;;;;;;;;;;;;;;;;;;;;;;;;;;;
/angebote/volkswagen-touran-family-1-9-tdi-dpf-diesel-blau-7ba1fead-b9d1-46b1-a101-5521ee21ef87?;;;;;;;;;;;;;;;;;;;;;;;;;;;;;;;;;;;;;;;;;;;;;;;;;;;;
/angebote/mercedes-benz-e-200-d-t-modell-diesel-grau-59474d24-e2ba-436e-b0b7-3b0207ecc0df?;;;;;;;;;;;;;;;;;;;;;;;;;;;;;;;;;;;;;;;;;;;;;;;;;;;;
/angebote/mercedes-benz-a-180-d-diesel-weiss-d42d04d8-2a53-4aaf-9dd2-3c45366ac4fd?;;;;;;;;;;;;;;;;;;;;;;;;;;;;;;;;;;;;;;;;;;;;;;;;;;;;
/angebote/alfa-romeo-147-diesel-schwarz-82d5c716-dcfc-408e-9ea7-9b33a045c53e?;;;;;;;;;;;;;;;;;;;;;;;;;;;;;;;;;;;;;;;;;;;;;;;;;;;;
/angebote/honda-accord-tourer-2-2i-dtec-elegance-diesel-grau-2504292d-2472-4a7e-abc0-288f32dd9712?;;;;;;;;;;;;;;;;;;;;;;;;;;;;;;;;;;;;;;;;;;;;;;;;;;;;
/angebote/citroen-c4-picasso-vti-120-jubilaeums-collection-pickerl-neu-benzin-weiss-b0d27344-9389-43a8-8a18-08cb6eb1e3a0?;;;;;;;;;;;;;;;;;;;;;;;;;;;;;;;;;;;;;;;;;;;;;;;;;;;;
/angebote/volkswagen-touran-trendline-1-9-tdi-dpf-pickerl-7-2020-4-diesel-blau-7ff2529b-23fd-43af-a77f-26b288945e8a?;;;;;;;;;;;;;;;;;;;;;;;;;;;;;;;;;;;;;;;;;;;;;;;;;;;;
/angebote/mercedes-benz-e-320-elegance-cdi-aut-diesel-grau-571608b2-f72b-6145-e053-0100007fd0b1?;;;;;;;;;;;;;;;;;;;;;;;;;;;;;;;;;;;;;;;;;;;;;;;;;;;;
/angebote/opel-karl-1-0-ecotec-cosmo-eco-paket-benzin-weiss-94f61a3b-23b8-41ca-9acd-82ce4f5a1c7a?;;;;;;;;;;;;;;;;;;;;;;;;;;;;;;;;;;;;;;;;;;;;;;;;;;;;
/angebote/mercedes-benz-c-220-d-coupe-diesel-rot-cf6383d3-74d1-42b3-a8a2-376b468d7bf8?;;;;;;;;;;;;;;;;;;;;;;;;;;;;;;;;;;;;;;;;;;;;;;;;;;;;
/angebote/audi-a6-1-8-benzin-weiss-552009b2-fab7-562e-e053-0100007fc6dd?;Oesterreich;2020-10-19 18:02:28.320430;Gebraucht;;;;;Audi;A6;;1996;Weiß;;;;Limousine;4;5;;;Schaltgetriebe;5;1.781 cm³;1.385 kg;;Benzin;9,3 l/100 km (komb)12,7 l/100 km (innerorts)7,3 l/100 km (außerorts);220 g CO2/km (komb);;;;;;;;;;;;;;;;False;True;9451 Preitenegg;1800;['', 'ABS', 'Beifahrerairbag', 'Elektr. Fensterheber', 'Elektrische Seitenspiegel', 'Fahrerairbag', 'Komfort', 'Servolenkung', 'Sicherheit', 'Wegfahrsperre', 'Zentralverriegelung'];;;4;
/angebote/volvo-s60-2-4-aut-benzin-grau-2d856eff-6bcb-490c-a5f0-77c31a3b2e2a?;Oesterreich;2020-10-19 18:02:28.316463;Gebraucht;2;;;;Volvo;S60;;2001;Grau;Metallic;;Stoff;Limousine;4;5;;;Automatik;5;2.435 cm³;1.542 kg;;Benzin;9,4 l/100 km (komb)13,5 l/100 km (innerorts)7 l/100 km (außerorts);225 g CO2/km (komb);;;;;;;;;;;;;;;;True;False;4614 Marchtrenk;999;['', 'ABS', 'Armlehne', 'Beifahrerairbag', 'Bordcomputer', 'Elektr. Fensterheber', 'Elektrische Seitenspiegel', 'Extras', 'Fahrerairbag', 'Klimaanlage', 'Komfort', 'Lordosenstütze', 'Radio', 'Reserverad', 'Seitenairbag', 'Servolenkung', 'Sicherheit', 'Skisack', 'Unterhaltung/Media', 'Wegfahrsperre', 'Zentralverriegelung', 'teilb. Rücksitzbank'];;;5;
/angebote/mercedes-benz-a-200-benzin-grau-8d39168a-1131-428f-94e1-183cd7b27ef1?;Oesterreich;2020-10-19 18:02:28.318802;Gebraucht;;;;;Mercedes-Benz;A 200;20GZ111;2018;Grau;Metallic;mountaingrau metallic;Schwarz;Kleinwagen;5;5;;;Automatik;7;1.323 cm³;1.355 kg;Front;Benzin;5,3 l/100 km (komb);123 g CO2/km (komb);;;;;;;;;;;;;;;;True;False;1220 Wien;26990;['', 'Alufelgen', 'Anhängerkupplung', 'Einparkhilfe', 'Einparkhilfe Kamera', 'Elektrische Seitenspiegel', 'Extras', 'Isofix', 'Klimaanlage', 'Klimaautomatik', 'Komfort', 'LED-Scheinwerfer', 'Lordosenstütze', 'Navigationssystem', 'Notrufsystem', 'Regensensor', 'Reifendruckkontrollsystem', 'Schaltwippen', 'Seitenairbag', 'Sicherheit', 'Sitzheizung', 'Sportpaket', 'Spurhalteassistent', 'Tempomat'];;;4;
/angebote/mercedes-benz-c-220-elegance-cdi-aut-nur-79-000-km-1-besitz-diesel-blau-a90486da-11e5-48aa-8a91-1ef3ff815bf7?;Oesterreich;2020-10-19 18:02:28.312073;Gebraucht;1;;;;Mercedes-Benz;C 220;;2001;Blau;Metallic;;Vollleder, Schwarz;Limousine;4;5;;Österreich;Automatik;5;2.148 cm³;1.520 kg;Heck;Diesel;6,7 l/100 km (komb)9,4 l/100 km (innerorts)5,1 l/100 km (außerorts);177 g CO2/km (komb);;;;;;;;;;;;;;;;True;False;5023 Salzburg;2990;['', 'ABS', 'Airbag hinten', 'Alufelgen', 'Armlehne', 'Beifahrerairbag', 'Bordcomputer', 'CD', 'ESP', 'Elektr. Fensterheber', 'Elektrische Seitenspiegel', 'Elektrische Sitze', 'Extras', 'Fahrerairbag', 'Klimaanlage', 'Klimaautomatik', 'Komfort', 'Lederlenkrad', 'Multifunktionslenkrad', 'Nebelscheinwerfer', 'Radio', 'Regensensor', 'Reserverad', 'Seitenairbag', 'Servolenkung', 'Sicherheit', 'Sitzheizung', 'Sommerreifen', 'Tempomat', 'Unterhaltung/Media', 'Wegfahrsperre', 'Winterreifen', 'Zentralverriegelung mit Funkfernbedienung'];;;4;
/angebote/fiat-panda-firefly-hybrid-70-launch-edition-benzin-gruen-0df50b99-d5d8-40d8-86e6-01e03ec71287?;Oesterreich;2020-10-19 18:02:28.314447;Vorführfahrzeug;1;;;;Fiat;Panda;;2020;Grün;Metallic;Rugiada Grün;Stoff, Sonstige;Limousine;5;4;;Österreich;Schaltgetriebe;6;999 cm³;960 kg;;Benzin;;;Euro 6d-TEMP;;;;;;;;;;;;;;;True;False;4550 Kremsmünster;13800;['', 'ABS', 'Android Auto', 'Beheizbare Frontscheibe', 'Beifahrerairbag', 'Berganfahrassistent', 'Bluetooth', 'Bordcomputer', 'Dachreling', 'ESP', 'Einparkhilfe Sensoren hinten', 'Elektr. Fensterheber', 'Elektrische Seitenspiegel', 'Extras', 'Fahrerairbag', 'Freisprecheinrichtung', 'Getönte Scheiben', 'Katalysator', 'Klimaanlage', 'Klimaautomatik', 'Komfort', 'Lederlenkrad', 'Multifunktionslenkrad', 'Nebelscheinwerfer', 'Radio', 'Seitenairbag', 'Sicherheit', 'Sprachsteuerung', 'Stahlfelgen', 'Start/Stop-Automatik', 'Tagfahrlicht', 'Traktionskontrolle', 'USB', 'Unterhaltung/Media', 'Wegfahrsperre', 'Zentralverriegelung', 'Zentralverriegelung mit Funkfernbedienung', 'teilb. Rücksitzbank'];;;4;
/angebote/peugeot-508-sw-2-0-bluehdi-180-allure-aut-mega-ausstattung-diesel-silber-1f5abce2-c389-4c0f-a0fe-0873dc358a7c?;Oesterreich;2020-10-19 18:02:28.315353;Gebraucht;1;;;;Peugeot;508;;2015;Silber;Metallic;Polarsilbermet.;Vollleder, Beige;Kombi;5;5;;Österreich;Automatik;6;1.997 cm³;1.685 kg;Front;Diesel;4,2 l/100 km (komb);110 g CO2/km (komb);Euro 6;;;;;;;;;;;;;;;True;False;1100 Wien;10775;['', 'ABS', 'Alufelgen', 'Armlehne', 'Beifahrerairbag', 'Berganfahrassistent', 'Bordcomputer', 'Dachreling', 'ESP', 'Einparkhilfe Kamera', 'Einparkhilfe Sensoren hinten', 'Einparkhilfe Sensoren vorne', 'Elektr. Fensterheber', 'Elektrische Seitenspiegel', 'Elektrische Sitze', 'Extras', 'Fahrerairbag', 'Freisprecheinrichtung', 'Getönte Scheiben', 'Innenspiegel automatisch abblendend', 'Isofix', 'Klimaanlage', 'Klimaautomatik', 'Komfort', 'LED-Tagfahrlicht', 'Lederlenkrad', 'Lichtsensor', 'Lordosenstütze', 'Multifunktionslenkrad', 'Navigationssystem', 'Nebelscheinwerfer', 'Panoramadach', 'Radio', 'Regensensor', 'Schaltwippen', 'Schiebedach', 'Schlüssellose Zentralverriegelung', 'Seitenairbag', 'Servolenkung', 'Sicherheit', 'Sitzheizung', 'Skisack', 'Soundsystem', 'Sportpaket', 'Sportsitze', 'Spurhalteassistent', 'Tagfahrlicht', 'Tempomat', 'Traktionskontrolle', 'USB', 'Unterhaltung/Media', 'Wegfahrsperre', 'Xenonscheinwerfer', 'Zentralverriegelung', 'Zentralverriegelung mit Funkfernbedienung', 'teilb. Rücksitzbank'];;;4;
/angebote/maserati-levante-levante-s-q4-benzin-blau-500212a3-b568-468f-9960-acf128d0714e?;Oesterreich;2020-10-19 18:02:28.323535;Gebraucht;;;;;Maserati;Levante;19GM234;2016;Blau;Metallic;Blau Metallic;Vollleder, Braun;SUV/Geländewagen/Pickup;5;5;;;Automatik;8;2.979 cm³;2.164 kg;Allrad;Benzin;;253 g CO2/km (komb);;;;;;;;;;;;;;;;True;False;2345 Brunn am Gebirge;59990;['', 'ABS', 'Allrad', 'Beifahrerairbag', 'Bluetooth', 'Bordcomputer', 'CD', 'ESP', 'Einparkhilfe', 'Einparkhilfe Kamera', 'Einparkhilfe Sensoren hinten', 'Einparkhilfe Sensoren vorne', 'Elektr. Fensterheber', 'Elektrische Heckklappe', 'Elektrische Seitenspiegel', 'Elektrische Sitze', 'Extras', 'Isofix', 'Klimaanlage', 'Klimaautomatik', 'Komfort', 'Lichtsensor', 'Navigationssystem', 'Nebelscheinwerfer', 'Regensensor', 'Schaltwippen', 'Schlüssellose Zentralverriegelung', 'Seitenairbag', 'Servolenkung', 'Sicherheit', 'Sitzheizung', 'Tempomat', 'USB', 'Unterhaltung/Media', 'Wegfahrsperre', 'Zentralverriegelung mit Funkfernbedienung'];;;6;
/angebote/volkswagen-touareg-v6-tdi-bmt-4motion-aut-2-besitz-diesel-grau-c33bbf47-dd00-41bf-a8d0-692fbf5965b6?;Oesterreich;2020-10-19 18:02:28.332868;Gebraucht;2;;;;Volkswagen;Touareg;;2013;Grau;Metallic;;Vollleder, Schwarz;SUV/Geländewagen/Pickup;5;5;;;Automatik;8;2.967 cm³;2.179 kg;Allrad;Diesel;7 l/100 km (komb);184 g CO2/km (komb);Euro 5;;;;;;;;;;;;;;;True;False;4400 Steyr;18999;['', 'ABS', 'Allrad', 'Alufelgen', 'Armlehne', 'Beifahrerairbag', 'Berganfahrassistent', 'Bi-Xenon Scheinwerfer', 'Bordcomputer', 'CD', 'ESP', 'Einparkhilfe Sensoren hinten', 'Einparkhilfe Sensoren vorne', 'Elektr. Fensterheber', 'Elektrische Seitenspiegel', 'Extras', 'Fahrerairbag', 'Getönte Scheiben', 'Innenspiegel automatisch abblendend', 'Isofix', 'Katalysator', 'Klimaanlage', 'Klimaautomatik', 'Komfort', 'Kopfairbag', 'LED-Tagfahrlicht', 'Lederlenkrad', 'Lichtsensor', 'MP3', 'Multifunktionslenkrad', 'Nebelscheinwerfer', 'Notrad', 'Radio', 'Regensensor', 'Reserverad', 'Scheinwerferreinigung', 'Seitenairbag', 'Sicherheit', 'Sitzheizung', 'Skisack', 'Tempomat', 'Traktionskontrolle', 'Unterhaltung/Media', 'Wegfahrsperre', 'Winterreifen', 'Xenonscheinwerfer', 'Zentralverriegelung', 'Zentralverriegelung mit Funkfernbedienung', 'teilb. Rücksitzbank'];;;6;
